code;name;category;s4Code
MG-LAB-001;Laboratory Instruments;Lab;L004
MG-LAB-002;Lab Consumables & PPE;Lab;L004
MG-LAB-003;Lab Chemicals & Reagents;Lab;L004
MG-LAB-004;Cold Storage & Cryogenics;Lab;L004
MG-OFF-001;Office Furniture & Supplies;Office;YBFA12
MG-OFF-002;Printing & Stationery;Office;YBFA12
MG-IT-001;IT Hardware;IT;YBFA12
MG-IT-002;IT Peripherals & Accessories;IT;YBFA12
MG-IT-003;Software & Licenses;IT;L004
MG-IT-004;Network & Datacenter Equipment;IT;L004
MG-FAC-001;Facility Maintenance Services;Facilities;L004
MG-FAC-002;Cleaning & Janitorial Supplies;Facilities;L004
MG-SRV-001;Professional & Consulting Services;Services;L004
MG-SRV-002;Logistics & Freight Services;Services;L004
MG-SAF-001;Safety & Protective Equipment;Safety;L004
